"Data Source","World Development Indicators",

"Last Updated Date","2019-07-10",

"Country Name","Country Code","Indicator Name","Indicator Code","1960","1961","1962","1963","1964","1965","1966","1967","1968","1969","1970","1971","1972","1973","1974","1975","1976","1977","1978","1979","1980","1981","1982","1983","1984","1985","1986","1987","1988","1989","1990","1991","1992","1993","1994","1995","1996","1997","1998","1999","2000","2001","2002","2003","2004","2005","2006","2007","2008","2009","2010","2011","2012","2013","2014","2015","2016","2017","2018",
"Aruba","ABW","Proportion of time spent on unpaid domestic and care work, male (% of 24 hour day)","SG.TIM.UWRK.MA","","","","","","","","","","","","","","","","","","","","","","","","","","","","","","","","","","","","","","","","","","","","","","","","","","","","","","","","","","","",
"Afghanistan","AFG","Proportion of time spent on unpaid domestic and care work, male (% of 24 hour day)","SG.TIM.UWRK.MA","","","","","","","","","","","","","","","","","","","","","","","","","","","","","","","","","","","","","","","","","","","","","","","","","","","","","","","","","","","",
"Angola","AGO","Proportion of time spent on unpaid domestic and care work, male (% of 24 hour day)","SG.TIM.UWRK.MA","","","","","","","","","","","","","","","","","","","","","","","","","","","","","","","","","","","","","","","","","","","","","","","","","","","","","","","","","","","",
"Albania","ALB","Proportion of time spent on unpaid domestic and care work, male (% of 24 hour day)","SG.TIM.UWRK.MA","","","","","","","","","","","","","","","","","","","","","","","","","","","","","","","","","","","","","","","","","","","","","","","","","","","","3.4722222","","","","","","","",
"Andorra","AND","Proportion of time spent on unpaid domestic and care work, male (% of 24 hour day)","SG.TIM.UWRK.MA","","","","","","","","","","","","","","","","","","","","","","","","","","","","","","","","","","","","","","","","","","","","","","","","","","","","","","","","","","","",
"Arab World","ARB","Proportion of time spent on unpaid domestic and care work, male (% of 24 hour day)","SG.TIM.UWRK.MA","","","","","","","","","","","","","","","","","","","","","","","","","","","","","","","","","","","","","","","","","","","","","","","","","","","","","","","","","","","",
"United Arab Emirates","ARE","Proportion of time spent on unpaid domestic and care work, male (% of 24 hour day)","SG.TIM.UWRK.MA","","","","","","","","","","","","","","","","","","","","","","","","","","","","","","","","","","","","","","","","","","","","","","","","","","","","","","","","","","","",
"Argentina","ARG","Proportion of time spent on unpaid domestic and care work, male (% of 24 hour day)","SG.TIM.UWRK.MA","","","","","","","","","","","","","","","","","","","","","","","","","","","","","","","","","","","","","","","","","","","","","","6.1111111","","","","","6.5972222","","","9.2486009","","","","","",
"Armenia","ARM","Proportion of time spent on unpaid domestic and care work, male (% of 24 hour day)","SG.TIM.UWRK.MA","","","","","","","","","","","","","","","","","","","","","","","","","","","","","","","","","","","","","","","","","","","","","4.5833333","","","","4.3708333","","","","","","","","","","",
"American Samoa","ASM","Proportion of time spent on unpaid domestic and care work, male (% of 24 hour day)","SG.TIM.UWRK.MA","","","","","","","","","","","","","","","","","","","","","","","","","","","","","","","","","","","","","","","","","","","","","","","","","","","","","","","","","","","",
"Antigua and Barbuda","ATG","Proportion of time spent on unpaid domestic and care work, male (% of 24 hour day)","SG.TIM.UWRK.MA","","","","","","","","","","","","","","","","","","","","","","","","","","","","","","","","","","","","","","","","","","","","","","","","","","","","","","","","","","","",
"Australia","AUS","Proportion of time spent on unpaid domestic and care work, male (% of 24 hour day)","SG.TIM.UWRK.MA","","","","","","","","","","","","","","","","","","","","","","","","","","","","","","","","","","","","","","","","","","","","","","","11.3888889","","","","","","","","","","","","",
"Austria","AUT","Proportion of time spent on unpaid domestic and care work, male (% of 24 hour day)","SG.TIM.UWRK.MA","","","","","","","","","","","","","","","","","","","","","","","","","","","","","","","","","","","","","","","","","","","","","","","","","","10.0539588","","","","","","","","","",
"Azerbaijan","AZE","Proportion of time spent on unpaid domestic and care work, male (% of 24 hour day)","SG.TIM.UWRK.MA","","","","","","","","","","","","","","","","","","","","","","","","","","","","","","","","","","","","","","","","","","","","","","","","","8.8888889","","","","","","","","","","",
"Burundi","BDI","Proportion of time spent on unpaid domestic and care work, male (% of 24 hour day)","SG.TIM.UWRK.MA","","","","","","","","","","","","","","","","","","","","","","","","","","","","","","","","","","","","","","","","","","","","","","","","","","","","","","","","","","","",
"Belgium","BEL","Proportion of time spent on unpaid domestic and care work, male (% of 24 hour day)","SG.TIM.UWRK.MA","","","","","","","","","","","","","","","","","","","","","","","","","","","","","","","","","","","","","","","","","9.2361111","","","","","9.2361111","","","","","","","","10.0694444","","","","","",
"Benin","BEN","Proportion of time spent on unpaid domestic and care work, male (% of 24 hour day)","SG.TIM.UWRK.MA","","","","","","","","","","","","","","","","","","","","","","","","","","","","","","","","","","","","","","","","","","","","","","","","","","","","","","","","","","","",
"Burkina Faso","BFA","Proportion of time spent on unpaid domestic and care work, male (% of 24 hour day)","SG.TIM.UWRK.MA","","","","","","","","","","","","","","","","","","","","","","","","","","","","","","","","","","","","","","","","","","","","","","","","","","","","","","","","","","","",
"Bangladesh","BGD","Proportion of time spent on unpaid domestic and care work, male (% of 24 hour day)","SG.TIM.UWRK.MA","","","","","","","","","","","","","","","","","","","","","","","","","","","","","","","","","","","","","","","","","","","","","","","","","","","","","","","","","","","",
"Bulgaria","BGR","Proportion of time spent on unpaid domestic and care work, male (% of 24 hour day)","SG.TIM.UWRK.MA","","","","","","","","","","","","","","","","","","","","","","","","","","","","","","","","","","","","","","","","","","","10.9027778","","","","","","","","9.2361111","","","","","","","","",
"Bahrain","BHR","Proportion of time spent on unpaid domestic and care work, male (% of 24 hour day)","SG.TIM.UWRK.MA","","","","","","","","","","","","","","","","","","","","","","","","","","","","","","","","","","","","","","","","","","","","","","","","","","","","","","","","","","","",
"Bahamas, The","BHS","Proportion of time spent on unpaid domestic and care work, male (% of 24 hour day)","SG.TIM.UWRK.MA","","","","","","","","","","","","","","","","","","","","","","","","","","","","","","","","","","","","","","","","","","","","","","","","","","","","","","","","","","","",
"Bosnia and Herzegovina","BIH","Proportion of time spent on unpaid domestic and care work, male (% of 24 hour day)","SG.TIM.UWRK.MA","","","","","","","","","","","","","","","","","","","","","","","","","","","","","","","","","","","","","","","","","","","","","","","","","","","","","","","","","","","",
"Belarus","BLR","Proportion of time spent on unpaid domestic and care work, male (% of 24 hour day)","SG.TIM.UWRK.MA","","","","","","","","","","","","","","","","","","","","","","","","","","","","","","","","","","","","","","","","","","","","","","","","","","","","","","","","9.5138889","","","",
"Belize","BLZ","Proportion of time spent on unpaid domestic and care work, male (% of 24 hour day)","SG.TIM.UWRK.MA","","","","","","","","","","","","","","","","","","","","","","","","","","","","","","","","","","","","","","","","","","","","","","","","","","","","","","","","","","","",
"Bermuda","BMU","Proportion of time spent on unpaid domestic and care work, male (% of 24 hour day)","SG.TIM.UWRK.MA","","","","","","","","","","","","","","","","","","","","","","","","","","","","","","","","","","","","","","","","","","","","","","","","","","","","","","","","","","","",
"Bolivia","BOL","Proportion of time spent on unpaid domestic and care work, male (% of 24 hour day)","SG.TIM.UWRK.MA","","","","","","","","","","","","","","","","","","","","","","","","","","","","","","","","","","","","","","","","","","12.1336162","","","","","","","","","","","","","","","","","",
"Brazil","BRA","Proportion of time spent on unpaid domestic and care work, male (% of 24 hour day)","SG.TIM.UWRK.MA","","","","","","","","","","","","","","","","","","","","","","","","","","","","","","","","","","","","","","","","","","","","","","","","","","5.9722222","","","3.125","","","","","","",
"Barbados","BRB","Proportion of time spent on unpaid domestic and care work, male (% of 24 hour day)","SG.TIM.UWRK.MA","","","","","","","","","","","","","","","","","","","","","","","","","","","","","","","","","","","","","","","","","","","","","","","","","","","","","","","","","","","",
"Brunei Darussalam","BRN","Proportion of time spent on unpaid domestic and care work, male (% of 24 hour day)","SG.TIM.UWRK.MA","","","","","","","","","","","","","","","","","","","","","","","","","","","","","","","","","","","","","","","","","","","","","","","","","","","","","","","","","","","",
"Bhutan","BTN","Proportion of time spent on unpaid domestic and care work, male (% of 24 hour day)","SG.TIM.UWRK.MA","","","","","","","","","","","","","","","","","","","","","","","","","","","","","","","","","","","","","","","","","","","","","","","","5.0694444","","","","","","","","5.9027778","","","",
"Botswana","BWA","Proportion of time spent on unpaid domestic and care work, male (% of 24 hour day)","SG.TIM.UWRK.MA","","","","","","","","","","","","","","","","","","","","","","","","","","","","","","","","","","","","","","","","","","","","","","","","","","","","","","","","","","","",
"Central African Republic","CAF","Proportion of time spent on unpaid domestic and care work, male (% of 24 hour day)","SG.TIM.UWRK.MA","","","","","","","","","","","","","","","","","","","","","","","","","","","","","","","","","","","","","","","","","","","","","","","","","","","","","","","","","","","",
"Canada","CAN","Proportion of time spent on unpaid domestic and care work, male (% of 24 hour day)","SG.TIM.UWRK.MA","","","","","","","","","","","","","","","","","","","","","","","","","","","","","","","","","","","","","","","","","","","","","","10","","","","","10.4166667","","","","","","9.5833333","","",
"Central Europe and the Baltics","CEB","Proportion of time spent on unpaid domestic and care work, male (% of 24 hour day)","SG.TIM.UWRK.MA","","","","","","","","","","","","","","","","","","","","","","","","","","","","","","","","","","","","","","","","","","","","","","","","","","","","","","","","","","","",
"Switzerland","CHE","Proportion of time spent on unpaid domestic and care work, male (% of 24 hour day)","SG.TIM.UWRK.MA","","","","","","","","","","","","","","","","","","","","","","","","","","","","","","","","","","","","","","","","","9.8416667","","","","10.3291667","","","10.9083333","","","9.775","","","10.3875","","","10.8041667","","",
"Channel Islands","CHI","Proportion of time spent on unpaid domestic and care work, male (% of 24 hour day)","SG.TIM.UWRK.MA","","","","","","","","","","","","","","","","","","","","","","","","","","","","","","","","","","","","","","","","","","","","","","","","","","","","","","","","","","","",
"Chile","CHL","Proportion of time spent on unpaid domestic and care work, male (% of 24 hour day)","SG.TIM.UWRK.MA","","","","","","","","","","","","","","","","","","","","","","","","","","","","","","","","","","","","","","","","","","","","","","","","","5.0664388","","","","","","","9.8539646","","","",
"China","CHN","Proportion of time spent on unpaid domestic and care work, male (% of 24 hour day)","SG.TIM.UWRK.MA","","","","","","","","","","","","","","","","","","","","","","","","","","","","","","","","","","","","","","","","","","","","","","","","","6.25","","","","","","","","","","",
"Cote d'Ivoire","CIV","Proportion of time spent on unpaid domestic and care work, male (% of 24 hour day)","SG.TIM.UWRK.MA","","","","","","","","","","","","","","","","","","","","","","","","","","","","","","","","","","","","","","","","","","","","","","","","","","","","","","","","","","","",
"Cameroon","CMR","Proportion of time spent on unpaid domestic and care work, male (% of 24 hour day)","SG.TIM.UWRK.MA","","","","","","","","","","","","","","","","","","","","","","","","","","","","","","","","","","","","","","","","","","","","","","","","","","","","","","","4.5678393","","","","",
"Congo, Dem. Rep.","COD","Proportion of time spent on unpaid domestic and care work, male (% of 24 hour day)","SG.TIM.UWRK.MA","","","","","","","","","","","","","","","","","","","","","","","","","","","","","","","","","","","","","","","","","","","","","","","","","","","","","","","","","","","",
"Congo, Rep.","COG","Proportion of time spent on unpaid domestic and care work, male (% of 24 hour day)","SG.TIM.UWRK.MA","","","","","","","","","","","","","","","","","","","","","","","","","","","","","","","","","","","","","","","","","","","","","","","","","","","","","","","","","","","",
"Colombia","COL","Proportion of time spent on unpaid domestic and care work, male (% of 24 hour day)","SG.TIM.UWRK.MA","","","","","","","","","","","","","","","","","","","","","","","","","","","","","","","","","","","","","","","","","","","","","","","","","","","","","","4.5416667","","","","","",
"Comoros","COM","Proportion of time spent on unpaid domestic and care work, male (% of 24 hour day)","SG.TIM.UWRK.MA","","","","","","","","","","","","","","","","","","","","","","","","","","","","","","","","","","","","","","","","","","","","","","","","","","","","","","","","","","","",
"Cabo Verde","CPV","Proportion of time spent on unpaid domestic and care work, male (% of 24 hour day)","SG.TIM.UWRK.MA","","","","","","","","","","","","","","","","","","","","","","","","","","","","","","","","","","","","","","","","","","","","","","","","","","","","","","","","","","","",
"Costa Rica","CRI","Proportion of time spent on unpaid domestic and care work, male (% of 24 hour day)","SG.TIM.UWRK.MA","","","","","","","","","","","","","","","","","","","","","","","","","","","","","","","","","","","","","","","","","","","","","","","","","","","","","","","","","","8.3785845","",
"Caribbean small states","CSS","Proportion of time spent on unpaid domestic and care work, male (% of 24 hour day)","SG.TIM.UWRK.MA","","","","","","","","","","","","","","","","","","","","","","","","","","","","","","","","","","","","","","","","","","","","","","","","","","","","","","","","","","","",
"Cuba","CUB","Proportion of time spent on unpaid domestic and care work, male (% of 24 hour day)","SG.TIM.UWRK.MA","","","","","","","","","","","","","","","","","","","","","","","","","","","","","","","","","","","","","","","","","","5.3472222","","","","","","","","","","","","","","","","","",
"Curacao","CUW","Proportion of time spent on unpaid domestic and care work, male (% of 24 hour day)","SG.TIM.UWRK.MA","","","","","","","","","","","","","","","","","","","","","","","","","","","","","","","","","","","","","","","","","","","","","","","","","","","","","","","","","","","",
"Cayman Islands","CYM","Proportion of time spent on unpaid domestic and care work, male (% of 24 hour day)","SG.TIM.UWRK.MA","","","","","","","","","","","","","","","","","","","","","","","","","","","","","","","","","","","","","","","","","","","","","","","","","","","","","","","","","","","",
"Cyprus","CYP","Proportion of time spent on unpaid domestic and care work, male (% of 24 hour day)","SG.TIM.UWRK.MA","","","","","","","","","","","","","","","","","","","","","","","","","","","","","","","","","","","","","","","","","","","","","","","","","","","","","","","","","","","",
"Czech Republic","CZE","Proportion of time spent on unpaid domestic and care work, male (% of 24 hour day)","SG.TIM.UWRK.MA","","","","","","","","","","","","","","","","","","","","","","","","","","","","","","","","","","","","","","","","","","","","","","","","","","","","","","","","","","","",
"Germany","DEU","Proportion of time spent on unpaid domestic and care work, male (% of 24 hour day)","SG.TIM.UWRK.MA","","","","","","","","","","","","","","","","","","","","","","","","","","","","","","","","","","","","","","","","","","","10.4791667","","","","","","","","","","","10.4","","","","","",
"Djibouti","DJI","Proportion of time spent on unpaid domestic and care work, male (% of 24 hour day)","SG.TIM.UWRK.MA","","","","","","","","","","","","","","","","","","","","","","","","","","","","","","","","","","","","","","","","","","","","","","","","","","","","","","","","","","","",
"Dominica","DMA","Proportion of time spent on unpaid domestic and care work, male (% of 24 hour day)","SG.TIM.UWRK.MA","","","","","","","","","","","","","","","","","","","","","","","","","","","","","","","","","","","","","","","","","","","","","","","","","","","","","","","","","","","",
"Denmark","DNK","Proportion of time spent on unpaid domestic and care work, male (% of 24 hour day)","SG.TIM.UWRK.MA","","","","","","","","","","","","","","","","","","","","","","","","","","","","","","","","","","","","","","","","","","10.1388889","","","","","","","","11.25","","","","","","","","","",
"Dominican Republic","DOM","Proportion of time spent on unpaid domestic and care work, male (% of 24 hour day)","SG.TIM.UWRK.MA","","","","","","","","","","","","","","","","","","","","","","","","","","","","","","","","","","","","","","","","","","","","","","","","","","","","","","","","","","","",
"Algeria","DZA","Proportion of time spent on unpaid domestic and care work, male (% of 24 hour day)","SG.TIM.UWRK.MA","","","","","","","","","","","","","","","","","","","","","","","","","","","","","","","","","","","","","","","","","","","","","","","","","","","","","3.75","","","","","","",
"East Asia & Pacific (excluding high income)","EAP","Proportion of time spent on unpaid domestic and care work, male (% of 24 hour day)","SG.TIM.UWRK.MA","","","","","","","","","","","","","","","","","","","","","","","","","","","","","","","","","","","","","","","","","","","","","","","","","","","","","","","","","","","",
"Early-demographic dividend","EAR","Proportion of time spent on unpaid domestic and care work, male (% of 24 hour day)","SG.TIM.UWRK.MA","","","","","","","","","","","","","","","","","","","","","","","","","","","","","","","","","","","","","","","","","","","","","","","","","","","","","","","","","","","",
"East Asia & Pacific","EAS","Proportion of time spent on unpaid domestic and care work, male (% of 24 hour day)","SG.TIM.UWRK.MA","","","","","","","","","","","","","","","","","","","","","","","","","","","","","","","","","","","","","","","","","","","","","","","","","","","","","","","","","","","",
"Europe & Central Asia (excluding high income)","ECA","Proportion of time spent on unpaid domestic and care work, male (% of 24 hour day)","SG.TIM.UWRK.MA","","","","","","","","","","","","","","","","","","","","","","","","","","","","","","","","","","","","","","","","","","","","","","","","","","","","","","","","","","","",
"Europe & Central Asia","ECS","Proportion of time spent on unpaid domestic and care work, male (% of 24 hour day)","SG.TIM.UWRK.MA","","","","","","","","","","","","","","","","","","","","","","","","","","","","","","","","","","","","","","","","","","","","","","","","","","","","","","","","","","","",
"Ecuador","ECU","Proportion of time spent on unpaid domestic and care work, male (% of 24 hour day)","SG.TIM.UWRK.MA","","","","","","","","","","","","","","","","","","","","","","","","","","","","","","","","","","","","","","","","","","","","","","","","","","","","","4.5040734","","","","","","",
"Egypt, Arab Rep.","EGY","Proportion of time spent on unpaid domestic and care work, male (% of 24 hour day)","SG.TIM.UWRK.MA","","","","","","","","","","","","","","","","","","","","","","","","","","","","","","","","","","","","","","","","","","","","","","","","","","","","","","","","2.4305556","","","",
"Euro area","EMU","Proportion of time spent on unpaid domestic and care work, male (% of 24 hour day)","SG.TIM.UWRK.MA","","","","","","","","","","","","","","","","","","","","","","","","","","","","","","","","","","","","","","","","","","","","","","","","","","","","","","","","","","","",
"Eritrea","ERI","Proportion of time spent on unpaid domestic and care work, male (% of 24 hour day)","SG.TIM.UWRK.MA","","","","","","","","","","","","","","","","","","","","","","","","","","","","","","","","","","","","","","","","","","","","","","","","","","","","","","","","","","","",
"Spain","ESP","Proportion of time spent on unpaid domestic and care work, male (% of 24 hour day)","SG.TIM.UWRK.MA","","","","","","","","","","","","","","","","","","","","","","","","","","","","","","","","","","","","","","","","","","","","6.7361111","","","","","","","8.6111111","","","","","","","","",
"Estonia","EST","Proportion of time spent on unpaid domestic and care work, male (% of 24 hour day)","SG.TIM.UWRK.MA","","","","","","","","","","","","","","","","","","","","","","","","","","","","","","","","","","","","","","","","","11.1805556","","","","","","","","","","10.7638889","","","","","","","","",
"Ethiopia","ETH","Proportion of time spent on unpaid domestic and care work, male (% of 24 hour day)","SG.TIM.UWRK.MA","","","","","","","","","","","","","","","","","","","","","","","","","","","","","","","","","","","","","","","","","","","","","","","","","","","","","","6.5972222","","","","","",
"European Union","EUU","Proportion of time spent on unpaid domestic and care work, male (% of 24 hour day)","SG.TIM.UWRK.MA","","","","","","","","","","","","","","","","","","","","","","","","","","","","","","","","","","","","","","","","","","","","","","","","","","","","","","","","","","","",
"Fragile and conflict affected situations","FCS","Proportion of time spent on unpaid domestic and care work, male (% of 24 hour day)","SG.TIM.UWRK.MA","","","","","","","","","","","","","","","","","","","","","","","","","","","","","","","","","","","","","","","","","","","","","","","","","","","","","","","","","","","",
"Finland","FIN","Proportion of time spent on unpaid domestic and care work, male (% of 24 hour day)","SG.TIM.UWRK.MA","","","","","","","","","","","","","","","","","","","","","","","","","","","","","","","","","","","","","","","","","10.0208333","","","","","","","","","","10.4916667","","","","","","","","",
"Fiji","FJI","Proportion of time spent on unpaid domestic and care work, male (% of 24 hour day)","SG.TIM.UWRK.MA","","","","","","","","","","","","","","","","","","","","","","","","","","","","","","","","","","","","","","","","","","","","","","","","","","","","","","","","","5.1947586","","",
"France","FRA","Proportion of time spent on unpaid domestic and care work, male (% of 24 hour day)","SG.TIM.UWRK.MA","","","","","","","","","","","","","","","","","","","","","","","","","","","","","","","","","","","","","","","","","","","","","","","","","","","9.4946413","","","","","","","","",
"Faroe Islands","FRO","Proportion of time spent on unpaid domestic and care work, male (% of 24 hour day)","SG.TIM.UWRK.MA","","","","","","","","","","","","","","","","","","","","","","","","","","","","","","","","","","","","","","","","","","","","","","","","","","","","","","","","","","","",
"Micronesia, Fed. Sts.","FSM","Proportion of time spent on unpaid domestic and care work, male (% of 24 hour day)","SG.TIM.UWRK.MA","","","","","","","","","","","","","","","","","","","","","","","","","","","","","","","","","","","","","","","","","","","","","","","","","","","","","","","","","","","",
"Gabon","GAB","Proportion of time spent on unpaid domestic and care work, male (% of 24 hour day)","SG.TIM.UWRK.MA","","","","","","","","","","","","","","","","","","","","","","","","","","","","","","","","","","","","","","","","","","","","","","","","","","","","","","","","","","","",
"United Kingdom","GBR","Proportion of time spent on unpaid domestic and care work, male (% of 24 hour day)","SG.TIM.UWRK.MA","","","","","","","","","","","","","","","","","","","","","","","","","","","","","","","","","","","","","","","","","","8.1450417","","","","","","","","","","","","","","6.9652778","","","",
"Georgia","GEO","Proportion of time spent on unpaid domestic and care work, male (% of 24 hour day)","SG.TIM.UWRK.MA","","","","","","","","","","","","","","","","","","","","","","","","","","","","","","","","","","","","","","","","","","","","","","","","","","","","","","","","","","","",
"Ghana","GHA","Proportion of time spent on unpaid domestic and care work, male (% of 24 hour day)","SG.TIM.UWRK.MA","","","","","","","","","","","","","","","","","","","","","","","","","","","","","","","","","","","","","","","","","","","","","","","","","","4.5833333","","","","","","","","","",
"Gibraltar","GIB","Proportion of time spent on unpaid domestic and care work, male (% of 24 hour day)","SG.TIM.UWRK.MA","","","","","","","","","","","","","","","","","","","","","","","","","","","","","","","","","","","","","","","","","","","","","","","","","","","","","","","","","","","",
"Guinea","GIN","Proportion of time spent on unpaid domestic and care work, male (% of 24 hour day)","SG.TIM.UWRK.MA","","","","","","","","","","","","","","","","","","","","","","","","","","","","","","","","","","","","","","","","","","","","","","","","","","","","","","","","","","","",
"Gambia, The","GMB","Proportion of time spent on unpaid domestic and care work, male (% of 24 hour day)","SG.TIM.UWRK.MA","","","","","","","","","","","","","","","","","","","","","","","","","","","","","","","","","","","","","","","","","","","","","","","","","","","","","","","","","","","",
"Guinea-Bissau","GNB","Proportion of time spent on unpaid domestic and care work, male (% of 24 hour day)","SG.TIM.UWRK.MA","","","","","","","","","","","","","","","","","","","","","","","","","","","","","","","","","","","","","","","","","","","","","","","","","","","","","","","","","","","",
"Equatorial Guinea","GNQ","Proportion of time spent on unpaid domestic and care work, male (% of 24 hour day)","SG.TIM.UWRK.MA","","","","","","","","","","","","","","","","","","","","","","","","","","","","","","","","","","","","","","","","","","","","","","","","","","","","","","","","","","","",
"Greece","GRC","Proportion of time spent on unpaid domestic and care work, male (% of 24 hour day)","SG.TIM.UWRK.MA","","","","","","","","","","","","","","","","","","","","","","","","","","","","","","","","","","","","","","","","","","","","","","","","","","","","","","","7.0138889","","","","",
"Grenada","GRD","Proportion of time spent on unpaid domestic and care work, male (% of 24 hour day)","SG.TIM.UWRK.MA","","","","","","","","","","","","","","","","","","","","","","","","","","","","","","","","","","","","","","","","","","","","","","","","","","","","","","","","","","","",
"Greenland","GRL","Proportion of time spent on unpaid domestic and care work, male (% of 24 hour day)","SG.TIM.UWRK.MA","","","","","","","","","","","","","","","","","","","","","","","","","","","","","","","","","","","","","","","","","","","","","","","","","","","","","","","","","","","",
"Guatemala","GTM","Proportion of time spent on unpaid domestic and care work, male (% of 24 hour day)","SG.TIM.UWRK.MA","","","","","","","","","","","","","","","","","","","","","","","","","","","","","","","","","","","","","","","","","","","","","","","","","","","","","","","2.3575079","","","","",
"Guam","GUM","Proportion of time spent on unpaid domestic and care work, male (% of 24 hour day)","SG.TIM.UWRK.MA","","","","","","","","","","","","","","","","","","","","","","","","","","","","","","","","","","","","","","","","","","","","","","","","","","","","","","","","","","","",
"Guyana","GUY","Proportion of time spent on unpaid domestic and care work, male (% of 24 hour day)","SG.TIM.UWRK.MA","","","","","","","","","","","","","","","","","","","","","","","","","","","","","","","","","","","","","","","","","","","","","","","","","","","","","","","","","","","",
"High income","HIC","Proportion of time spent on unpaid domestic and care work, male (% of 24 hour day)","SG.TIM.UWRK.MA","","","","","","","","","","","","","","","","","","","","","","","","","","","","","","","","","","","","","","","","","","","","","","","","","","","","","","","","","","","",
"Hong Kong SAR, China","HKG","Proportion of time spent on unpaid domestic and care work, male (% of 24 hour day)","SG.TIM.UWRK.MA","","","","","","","","","","","","","","","","","","","","","","","","","","","","","","","","","","","","","","","","","","","4.5833333","","","","","","","","","","","3.3333333","","","","","",
"Honduras","HND","Proportion of time spent on unpaid domestic and care work, male (% of 24 hour day)","SG.TIM.UWRK.MA","","","","","","","","","","","","","","","","","","","","","","","","","","","","","","","","","","","","","","","","","","","","","","","","","","4.3139268","","","","","","","","","",
"Heavily indebted poor countries (HIPC)","HPC","Proportion of time spent on unpaid domestic and care work, male (% of 24 hour day)","SG.TIM.UWRK.MA","","","","","","","","","","","","","","","","","","","","","","","","","","","","","","","","","","","","","","","","","","","","","","","","","","","","","","","","","","","",
"Croatia","HRV","Proportion of time spent on unpaid domestic and care work, male (% of 24 hour day)","SG.TIM.UWRK.MA","","","","","","","","","","","","","","","","","","","","","","","","","","","","","","","","","","","","","","","","","","","","","","","","","","","","","","","","","","","",
"Haiti","HTI","Proportion of time spent on unpaid domestic and care work, male (% of 24 hour day)","SG.TIM.UWRK.MA","","","","","","","","","","","","","","","","","","","","","","","","","","","","","","","","","","","","","","","","","","","","","","","","","","","","","","","","","","","",
"Hungary","HUN","Proportion of time spent on unpaid domestic and care work, male (% of 24 hour day)","SG.TIM.UWRK.MA","","","","","","","","","","","","","","","","","","","","","","","","","","","","","","","","","","","","","","","","","11.0416667","","","","","","","","","","7.9795973","","","","","","","","",
"IBRD only","IBD","Proportion of time spent on unpaid domestic and care work, male (% of 24 hour day)","SG.TIM.UWRK.MA","","","","","","","","","","","","","","","","","","","","","","","","","","","","","","","","","","","","","","","","","","","","","","","","","","","","","","","","","","","",
"IDA & IBRD total","IBT","Proportion of time spent on unpaid domestic and care work, male (% of 24 hour day)","SG.TIM.UWRK.MA","","","","","","","","","","","","","","","","","","","","","","","","","","","","","","","","","","","","","","","","","","","","","","","","","","","","","","","","","","","",
"IDA total","IDA","Proportion of time spent on unpaid domestic and care work, male (% of 24 hour day)","SG.TIM.UWRK.MA","","","","","","","","","","","","","","","","","","","","","","","","","","","","","","","","","","","","","","","","","","","","","","","","","","","","","","","","","","","",
"IDA blend","IDB","Proportion of time spent on unpaid domestic and care work, male (% of 24 hour day)","SG.TIM.UWRK.MA","","","","","","","","","","","","","","","","","","","","","","","","","","","","","","","","","","","","","","","","","","","","","","","","","","","","","","","","","","","",
"Indonesia","IDN","Proportion of time spent on unpaid domestic and care work, male (% of 24 hour day)","SG.TIM.UWRK.MA","","","","","","","","","","","","","","","","","","","","","","","","","","","","","","","","","","","","","","","","","","","","","","","","","","","","","","","","","","","",
"IDA only","IDX","Proportion of time spent on unpaid domestic and care work, male (% of 24 hour day)","SG.TIM.UWRK.MA","","","","","","","","","","","","","","","","","","","","","","","","","","","","","","","","","","","","","","","","","","","","","","","","","","","","","","","","","","","",
"Isle of Man","IMN","Proportion of time spent on unpaid domestic and care work, male (% of 24 hour day)","SG.TIM.UWRK.MA","","","","","","","","","","","","","","","","","","","","","","","","","","","","","","","","","","","","","","","","","","","","","","","","","","","","","","","","","","","",
"India","IND","Proportion of time spent on unpaid domestic and care work, male (% of 24 hour day)","SG.TIM.UWRK.MA","","","","","","","","","","","","","","","","","","","","","","","","","","","","","","","","","","","","","","","","","","","","","","","","","","","","","","","","","","","",
"Not classified","INX","Proportion of time spent on unpaid domestic and care work, male (% of 24 hour day)","SG.TIM.UWRK.MA","","","","","","","","","","","","","","","","","","","","","","","","","","","","","","","","","","","","","","","","","","","","","","","","","","","","","","","","","","","",
"Ireland","IRL","Proportion of time spent on unpaid domestic and care work, male (% of 24 hour day)","SG.TIM.UWRK.MA","","","","","","","","","","","","","","","","","","","","","","","","","","","","","","","","","","","","","","","","","","","","","","8.9583333","","","","","","","","","","","","","",
"Iran, Islamic Rep.","IRN","Proportion of time spent on unpaid domestic and care work, male (% of 24 hour day)","SG.TIM.UWRK.MA","","","","","","","","","","","","","","","","","","","","","","","","","","","","","","","","","","","","","","","","","","","","","","","","","","5.2083333","","","","","","","","","",
"Iraq","IRQ","Proportion of time spent on unpaid domestic and care work, male (% of 24 hour day)","SG.TIM.UWRK.MA","","","","","","","","","","","","","","","","","","","","","","","","","","","","","","","","","","","","","","","","","","","","","","","","4.1666667","","","","","","","","","","","",
"Iceland","ISL","Proportion of time spent on unpaid domestic and care work, male (% of 24 hour day)","SG.TIM.UWRK.MA","","","","","","","","","","","","","","","","","","","","","","","","","","","","","","","","","","","","","","","","","","","","","","","","","","","","","","","","","","","",
"Israel","ISR","Proportion of time spent on unpaid domestic and care work, male (% of 24 hour day)","SG.TIM.UWRK.MA","","","","","","","","","","","","","","","","","","","","","","","","","","","","","","","","","","","","","","","","","","","","","","","","","","","","","","","","","","","",
"Italy","ITA","Proportion of time spent on unpaid domestic and care work, male (% of 24 hour day)","SG.TIM.UWRK.MA","","","","","","","","","","","","","","","","","","","","","","","","","","","","","","","","","","","","","","","","","","","","7.3","","","","","","7.7","","","","","8.4","","","","",
"Jamaica","JAM","Proportion of time spent on unpaid domestic and care work, male (% of 24 hour day)","SG.TIM.UWRK.MA","","","","","","","","","","","","","","","","","","","","","","","","","","","","","","","","","","","","","","","","","","","","","","","","","","","","","","","","","","","",
"Jordan","JOR","Proportion of time spent on unpaid domestic and care work, male (% of 24 hour day)","SG.TIM.UWRK.MA","","","","","","","","","","","","","","","","","","","","","","","","","","","","","","","","","","","","","","","","","","","","","","","","","","","","","","","","","","","",
"Japan","JPN","Proportion of time spent on unpaid domestic and care work, male (% of 24 hour day)","SG.TIM.UWRK.MA","","","","","","","","","","","","","","","","","","","","","","","","","","","","","","","","","","","","","","","","","","2.2916667","","","","","2.7083333","","","","","2.9861111","","","","","3.125","","",
"Kazakhstan","KAZ","Proportion of time spent on unpaid domestic and care work, male (% of 24 hour day)","SG.TIM.UWRK.MA","","","","","","","","","","","","","","","","","","","","","","","","","","","","","","","","","","","","","","","","","13.8194444","","","17.3611111","","","15.0694444","","","","","","7.7083333","","","","","","",
"Kenya","KEN","Proportion of time spent on unpaid domestic and care work, male (% of 24 hour day)","SG.TIM.UWRK.MA","","","","","","","","","","","","","","","","","","","","","","","","","","","","","","","","","","","","","","","","","","","","","","","","","","","","","","","","","","","",
"Kyrgyz Republic","KGZ","Proportion of time spent on unpaid domestic and care work, male (% of 24 hour day)","SG.TIM.UWRK.MA","","","","","","","","","","","","","","","","","","","","","","","","","","","","","","","","","","","","","","","","","13.8194444","","","","","9.6527778","","","","","6.3194444","","","","","9.5138889","","","",
"Cambodia","KHM","Proportion of time spent on unpaid domestic and care work, male (% of 24 hour day)","SG.TIM.UWRK.MA","","","","","","","","","","","","","","","","","","","","","","","","","","","","","","","","","","","","","","","","","","","","","1.25","","","","","","","","","","","","","","",
"Kiribati","KIR","Proportion of time spent on unpaid domestic and care work, male (% of 24 hour day)","SG.TIM.UWRK.MA","","","","","","","","","","","","","","","","","","","","","","","","","","","","","","","","","","","","","","","","","","","","","","","","","","","","","","","","","","","",
"St. Kitts and Nevis","KNA","Proportion of time spent on unpaid domestic and care work, male (% of 24 hour day)","SG.TIM.UWRK.MA","","","","","","","","","","","","","","","","","","","","","","","","","","","","","","","","","","","","","","","","","","","","","","","","","","","","","","","","","","","",
"Korea, Rep.","KOR","Proportion of time spent on unpaid domestic and care work, male (% of 24 hour day)","SG.TIM.UWRK.MA","","","","","","","","","","","","","","","","","","","","","","","","","","","","","","","","","","","","","","","","","","","","","2.7777778","","","","","3.1236111","","","","","3.6083333","","","","",
"Kuwait","KWT","Proportion of time spent on unpaid domestic and care work, male (% of 24 hour day)","SG.TIM.UWRK.MA","","","","","","","","","","","","","","","","","","","","","","","","","","","","","","","","","","","","","","","","","","","","","","","","","","","","","","","","","","","",
"Latin America & Caribbean (excluding high income)","LAC","Proportion of time spent on unpaid domestic and care work, male (% of 24 hour day)","SG.TIM.UWRK.MA","","","","","","","","","","","","","","","","","","","","","","","","","","","","","","","","","","","","","","","","","","","","","","","","","","","","","","","","","","","",
"Lao PDR","LAO","Proportion of time spent on unpaid domestic and care work, male (% of 24 hour day)","SG.TIM.UWRK.MA","","","","","","","","","","","","","","","","","","","","","","","","","","","","","","","","","","","","","","","","","","","","2.5","","","","","1.6666667","","","","","2.5","","","","","",
"Lebanon","LBN","Proportion of time spent on unpaid domestic and care work, male (% of 24 hour day)","SG.TIM.UWRK.MA","","","","","","","","","","","","","","","","","","","","","","","","","","","","","","","","","","","","","","","","","","","","","","","","","","","","","","","","","","","",
"Liberia","LBR","Proportion of time spent on unpaid domestic and care work, male (% of 24 hour day)","SG.TIM.UWRK.MA","","","","","","","","","","","","","","","","","","","","","","","","","","","","","","","","","","","","","","","","","","","","","","","","","","","2.5765607","","","","","","","","",
"Libya","LBY","Proportion of time spent on unpaid domestic and care work, male (% of 24 hour day)","SG.TIM.UWRK.MA","","","","","","","","","","","","","","","","","","","","","","","","","","","","","","","","","","","","","","","","","","","","","","","","","","","","","","","","","","","",
"St. Lucia","LCA","Proportion of time spent on unpaid domestic and care work, male (% of 24 hour day)","SG.TIM.UWRK.MA","","","","","","","","","","","","","","","","","","","","","","","","","","","","","","","","","","","","","","","","","","","","","","","","","","","","","","","","","","","",
"Latin America & Caribbean","LCN","Proportion of time spent on unpaid domestic and care work, male (% of 24 hour day)","SG.TIM.UWRK.MA","","","","","","","","","","","","","","","","","","","","","","","","","","","","","","","","","","","","","","","","","","","","","","","","","","","","","","","","","","","",
"Least developed countries: UN classification","LDC","Proportion of time spent on unpaid domestic and care work, male (% of 24 hour day)","SG.TIM.UWRK.MA","","","","","","","","","","","","","","","","","","","","","","","","","","","","","","","","","","","","","","","","","","","","","","","","","","","","","","","","","","","",
"Low income","LIC","Proportion of time spent on unpaid domestic and care work, male (% of 24 hour day)","SG.TIM.UWRK.MA","","","","","","","","","","","","","","","","","","","","","","","","","","","","","","","","","","","","","","","","","","","","","","","","","","","","","","","","","","","",
"Liechtenstein","LIE","Proportion of time spent on unpaid domestic and care work, male (% of 24 hour day)","SG.TIM.UWRK.MA","","","","","","","","","","","","","","","","","","","","","","","","","","","","","","","","","","","","","","","","","","","","","","","","","","","","","","","","","","","",
"Sri Lanka","LKA","Proportion of time spent on unpaid domestic and care work, male (% of 24 hour day)","SG.TIM.UWRK.MA","","","","","","","","","","","","","","","","","","","","","","","","","","","","","","","","","","","","","","","","","","","","","","","","","","","","","","","","","","","",
"Lower middle income","LMC","Proportion of time spent on unpaid domestic and care work, male (% of 24 hour day)","SG.TIM.UWRK.MA","","","","","","","","","","","","","","","","","","","","","","","","","","","","","","","","","","","","","","","","","","","","","","","","","","","","","","","","","","","",
"Low & middle income","LMY","Proportion of time spent on unpaid domestic and care work, male (% of 24 hour day)","SG.TIM.UWRK.MA","","","","","","","","","","","","","","","","","","","","","","","","","","","","","","","","","","","","","","","","","","","","","","","","","","","","","","","","","","","",
"Lesotho","LSO","Proportion of time spent on unpaid domestic and care work, male (% of 24 hour day)","SG.TIM.UWRK.MA","","","","","","","","","","","","","","","","","","","","","","","","","","","","","","","","","","","","","","","","","","","","6.1805556","","","","","","","","","","","","","","","",
"Late-demographic dividend","LTE","Proportion of time spent on unpaid domestic and care work, male (% of 24 hour day)","SG.TIM.UWRK.MA","","","","","","","","","","","","","","","","","","","","","","","","","","","","","","","","","","","","","","","","","","","","","","","","","","","","","","","","","","","",
"Lithuania","LTU","Proportion of time spent on unpaid domestic and care work, male (% of 24 hour day)","SG.TIM.UWRK.MA","","","","","","","","","","","","","","","","","","","","","","","","","","","","","","","","","","","","","","","","","","","","8.9569444","","","","","","","","","","","","","","","",
"Luxembourg","LUX","Proportion of time spent on unpaid domestic and care work, male (% of 24 hour day)","SG.TIM.UWRK.MA","","","","","","","","","","","","","","","","","","","","","","","","","","","","","","","","","","","","","","","","","","","","","","","","","","","","","","","7.0833333","","","","",
"Latvia","LVA","Proportion of time spent on unpaid domestic and care work, male (% of 24 hour day)","SG.TIM.UWRK.MA","","","","","","","","","","","","","","","","","","","","","","","","","","","","","","","","","","","","","","","","","","","","9.0972222","","","","","","","","","","","","","","","",
"Macao SAR, China","MAC","Proportion of time spent on unpaid domestic and care work, male (% of 24 hour day)","SG.TIM.UWRK.MA","","","","","","","","","","","","","","","","","","","","","","","","","","","","","","","","","","","","","","","","","","","","","","","","","","","","","","","","","","","",
"St. Martin (French part)","MAF","Proportion of time spent on unpaid domestic and care work, male (% of 24 hour day)","SG.TIM.UWRK.MA","","","","","","","","","","","","","","","","","","","","","","","","","","","","","","","","","","","","","","","","","","","","","","","","","","","","","","","","","","","",
"Morocco","MAR","Proportion of time spent on unpaid domestic and care work, male (% of 24 hour day)","SG.TIM.UWRK.MA","","","","","","","","","","","","","","","","","","","","","","","","","","","","","","","","","","","","","","","","","","","","","","","","","","","","","2.9861111","","","","","","",
"Monaco","MCO","Proportion of time spent on unpaid domestic and care work, male (% of 24 hour day)","SG.TIM.UWRK.MA","","","","","","","","","","","","","","","","","","","","","","","","","","","","","","","","","","","","","","","","","","","","","","","","","","","","","","","","","","","",
"Moldova","MDA","Proportion of time spent on unpaid domestic and care work, male (% of 24 hour day)","SG.TIM.UWRK.MA","","","","","","","","","","","","","","","","","","","","","","","","","","","","","","","","","","","","","","","","","","","","","","","","","","","","","10.2777778","","","","","","",
"Madagascar","MDG","Proportion of time spent on unpaid domestic and care work, male (% of 24 hour day)","SG.TIM.UWRK.MA","","","","","","","","","","","","","","","","","","","","","","","","","","","","","","","","","","","","","","","","","","","","","","","","","","","","","","","","","","","",
"Maldives","MDV","Proportion of time spent on unpaid domestic and care work, male (% of 24 hour day)","SG.TIM.UWRK.MA","","","","","","","","","","","","","","","","","","","","","","","","","","","","","","","","","","","","","","","","","","","","","","","","","","","","","","","","","","","",
"Middle East & North Africa","MEA","Proportion of time spent on unpaid domestic and care work, male (% of 24 hour day)","SG.TIM.UWRK.MA","","","","","","","","","","","","","","","","","","","","","","","","","","","","","","","","","","","","","","","","","","","","","","","","","","","","","","","","","","","",
"Mexico","MEX","Proportion of time spent on unpaid domestic and care work, male (% of 24 hour day)","SG.TIM.UWRK.MA","","","","","","","","","","","","","","","","","","","","","","","","","","","","","","","","","","","","","","","","","","","6.3531593","","","","","","","10.3844707","","","","","9.7649549","","","","",
"Marshall Islands","MHL","Proportion of time spent on unpaid domestic and care work, male (% of 24 hour day)","SG.TIM.UWRK.MA","","","","","","","","","","","","","","","","","","","","","","","","","","","","","","","","","","","","","","","","","","","","","","","","","","","","","","","","","","","",
"Middle income","MIC","Proportion of time spent on unpaid domestic and care work, male (% of 24 hour day)","SG.TIM.UWRK.MA","","","","","","","","","","","","","","","","","","","","","","","","","","","","","","","","","","","","","","","","","","","","","","","","","","","","","","","","","","","",
"North Macedonia","MKD","Proportion of time spent on unpaid domestic and care work, male (% of 24 hour day)","SG.TIM.UWRK.MA","","","","","","","","","","","","","","","","","","","","","","","","","","","","","","","","","","","","","","","","","","","","","8.125","","","","","6.0416667","","","","","","","","","",
"Mali","MLI","Proportion of time spent on unpaid domestic and care work, male (% of 24 hour day)","SG.TIM.UWRK.MA","","","","","","","","","","","","","","","","","","","","","","","","","","","","","","","","","","","","","","","","","","","","","","","","","","","","","","","","","","","",
"Malta","MLT","Proportion of time spent on unpaid domestic and care work, male (% of 24 hour day)","SG.TIM.UWRK.MA","","","","","","","","","","","","","","","","","","","","","","","","","","","","","","","","","","","","","","","","","","","7.0138889","","","","","","","","","","","","","","","","",
"Myanmar","MMR","Proportion of time spent on unpaid domestic and care work, male (% of 24 hour day)","SG.TIM.UWRK.MA","","","","","","","","","","","","","","","","","","","","","","","","","","","","","","","","","","","","","","","","","","","","","","","","","","","","","","","","","","","",
"Middle East & North Africa (excluding high income)","MNA","Proportion of time spent on unpaid domestic and care work, male (% of 24 hour day)","SG.TIM.UWRK.MA","","","","","","","","","","","","","","","","","","","","","","","","","","","","","","","","","","","","","","","","","","","","","","","","","","","","","","","","","","","",
"Montenegro","MNE","Proportion of time spent on unpaid domestic and care work, male (% of 24 hour day)","SG.TIM.UWRK.MA","","","","","","","","","","","","","","","","","","","","","","","","","","","","","","","","","","","","","","","","","","","","","","","","","","","","","","","","","","","",
"Mongolia","MNG","Proportion of time spent on unpaid domestic and care work, male (% of 24 hour day)","SG.TIM.UWRK.MA","","","","","","","","","","","","","","","","","","","","","","","","","","","","","","","","","","","","","","","","","8.9583333","","","","","","","8.2638889","","","","9.0972222","","","","","","","",
"Northern Mariana Islands","MNP","Proportion of time spent on unpaid domestic and care work, male (% of 24 hour day)","SG.TIM.UWRK.MA","","","","","","","","","","","","","","","","","","","","","","","","","","","","","","","","","","","","","","","","","","","","","","","","","","","","","","","","","","","",
"Mozambique","MOZ","Proportion of time spent on unpaid domestic and care work, male (% of 24 hour day)","SG.TIM.UWRK.MA","","","","","","","","","","","","","","","","","","","","","","","","","","","","","","","","","","","","","","","","","","","","","","","","","","","","","","","","","","","",
"Mauritania","MRT","Proportion of time spent on unpaid domestic and care work, male (% of 24 hour day)","SG.TIM.UWRK.MA","","","","","","","","","","","","","","","","","","","","","","","","","","","","","","","","","","","","","","","","","","","","","","","","","","","","","","","","","","","",
"Mauritius","MUS","Proportion of time spent on unpaid domestic and care work, male (% of 24 hour day)","SG.TIM.UWRK.MA","","","","","","","","","","","","","","","","","","","","","","","","","","","","","","","","","","","","","","","","","","","","4.7916667","","","","","","","","","","","","","","","",
"Malawi","MWI","Proportion of time spent on unpaid domestic and care work, male (% of 24 hour day)","SG.TIM.UWRK.MA","","","","","","","","","","","","","","","","","","","","","","","","","","","","","","","","","","","","","","","","","","","","","","1.25","","","","","","","","","","","","","",
"Malaysia","MYS","Proportion of time spent on unpaid domestic and care work, male (% of 24 hour day)","SG.TIM.UWRK.MA","","","","","","","","","","","","","","","","","","","","","","","","","","","","","","","","","","","","","","","","","","","","5.9722222","","","","","","","","","","","","","","","",
"North America","NAC","Proportion of time spent on unpaid domestic and care work, male (% of 24 hour day)","SG.TIM.UWRK.MA","","","","","","","","","","","","","","","","","","","","","","","","","","","","","","","","","","","","","","","","","","","","","","","","","","","","","","","","","","","",
"Namibia","NAM","Proportion of time spent on unpaid domestic and care work, male (% of 24 hour day)","SG.TIM.UWRK.MA","","","","","","","","","","","","","","","","","","","","","","","","","","","","","","","","","","","","","","","","","","","","","","","","","","","","","","","","","","","",
"New Caledonia","NCL","Proportion of time spent on unpaid domestic and care work, male (% of 24 hour day)","SG.TIM.UWRK.MA","","","","","","","","","","","","","","","","","","","","","","","","","","","","","","","","","","","","","","","","","","","","","","","","","","","","","","","","","","","",
"Niger","NER","Proportion of time spent on unpaid domestic and care work, male (% of 24 hour day)","SG.TIM.UWRK.MA","","","","","","","","","","","","","","","","","","","","","","","","","","","","","","","","","","","","","","","","","","","","","","","","","","","","","","","","","","","",
"Nigeria","NGA","Proportion of time spent on unpaid domestic and care work, male (% of 24 hour day)","SG.TIM.UWRK.MA","","","","","","","","","","","","","","","","","","","","","","","","","","","","","","","","","","","","","","","","","","","","","","","","","","","","","","","","","","","",
"Nicaragua","NIC","Proportion of time spent on unpaid domestic and care work, male (% of 24 hour day)","SG.TIM.UWRK.MA","","","","","","","","","","","","","","","","","","","","","","","","","","","","","","","","","","","","","","","","","","","","","","","","","","","","","","","","","","","",
"Netherlands","NLD","Proportion of time spent on unpaid domestic and care work, male (% of 24 hour day)","SG.TIM.UWRK.MA","","","","","","","","","","","","","","","","","","","","","","","","","","","","","","","","","","","","","","","","","","8.4722222","","8.0555556","","","9.7916667","","","","","","9.2361111","","","","","","",
"Norway","NOR","Proportion of time spent on unpaid domestic and care work, male (% of 24 hour day)","SG.TIM.UWRK.MA","","","","","","","","","","","","","","","","","","","","","","","","","","","","","","","","","","","","","","","","","","","","","","","","","","","","12.3333333","","","","","","","",
"Nepal","NPL","Proportion of time spent on unpaid domestic and care work, male (% of 24 hour day)","SG.TIM.UWRK.MA","","","","","","","","","","","","","","","","","","","","","","","","","","","","","","","","","","","","","","","","","","","","","","","","","","","","","","","","","","","",
"Nauru","NRU","Proportion of time spent on unpaid domestic and care work, male (% of 24 hour day)","SG.TIM.UWRK.MA","","","","","","","","","","","","","","","","","","","","","","","","","","","","","","","","","","","","","","","","","","","","","","","","","","","","","","","","","","","",
"New Zealand","NZL","Proportion of time spent on unpaid domestic and care work, male (% of 24 hour day)","SG.TIM.UWRK.MA","","","","","","","","","","","","","","","","","","","","","","","","","","","","","","","","","","","","","","","","","","","","","","","","","","","10.5555556","","","","","","","","",
"OECD members","OED","Proportion of time spent on unpaid domestic and care work, male (% of 24 hour day)","SG.TIM.UWRK.MA","","","","","","","","","","","","","","","","","","","","","","","","","","","","","","","","","","","","","","","","","","","","","","","","","","","","","","","","","","","",
"Oman","OMN","Proportion of time spent on unpaid domestic and care work, male (% of 24 hour day)","SG.TIM.UWRK.MA","","","","","","","","","","","","","","","","","","","","","","","","","","","","","","","","","","","","","","","","","7.3611111","","","","","","","","7.5","","","","","","","","","","",
"Other small states","OSS","Proportion of time spent on unpaid domestic and care work, male (% of 24 hour day)","SG.TIM.UWRK.MA","","","","","","","","","","","","","","","","","","","","","","","","","","","","","","","","","","","","","","","","","","","","","","","","","","","","","","","","","","","",
"Pakistan","PAK","Proportion of time spent on unpaid domestic and care work, male (% of 24 hour day)","SG.TIM.UWRK.MA","","","","","","","","","","","","","","","","","","","","","","","","","","","","","","","","","","","","","","","","","","","","","","","","1.8055556","","","","","","","","","","","",
"Panama","PAN","Proportion of time spent on unpaid domestic and care work, male (% of 24 hour day)","SG.TIM.UWRK.MA","","","","","","","","","","","","","","","","","","","","","","","","","","","","","","","","","","","","","","","","","","","","","","","","","","","","7.3944651","","","","","","","",
"Peru","PER","Proportion of time spent on unpaid domestic and care work, male (% of 24 hour day)","SG.TIM.UWRK.MA","","","","","","","","","","","","","","","","","","","","","","","","","","","","","","","","","","","","","","","","","","","","","","","","","","","8.9460455","","","","","","","","",
"Philippines","PHL","Proportion of time spent on unpaid domestic and care work, male (% of 24 hour day)","SG.TIM.UWRK.MA","","","","","","","","","","","","","","","","","","","","","","","","","","","","","","","","","","","","","","","","","","","","","","","","","","","","","","","","","","","",
"Palau","PLW","Proportion of time spent on unpaid domestic and care work, male (% of 24 hour day)","SG.TIM.UWRK.MA","","","","","","","","","","","","","","","","","","","","","","","","","","","","","","","","","","","","","","","","","","","","","","","","","","","","","","","","","","","",
"Papua New Guinea","PNG","Proportion of time spent on unpaid domestic and care work, male (% of 24 hour day)","SG.TIM.UWRK.MA","","","","","","","","","","","","","","","","","","","","","","","","","","","","","","","","","","","","","","","","","","","","","","","","","","","","","","","","","","","",
"Poland","POL","Proportion of time spent on unpaid domestic and care work, male (% of 24 hour day)","SG.TIM.UWRK.MA","","","","","","","","","","","","","","","","","","","","","","","","","","","","","","","","","","","","","","","","","","","","","9.8611111","","","","","","","","","9.9291667","","","","","",
"Pre-demographic dividend","PRE","Proportion of time spent on unpaid domestic and care work, male (% of 24 hour day)","SG.TIM.UWRK.MA","","","","","","","","","","","","","","","","","","","","","","","","","","","","","","","","","","","","","","","","","","","","","","","","","","","","","","","","","","","",
"Puerto Rico","PRI","Proportion of time spent on unpaid domestic and care work, male (% of 24 hour day)","SG.TIM.UWRK.MA","","","","","","","","","","","","","","","","","","","","","","","","","","","","","","","","","","","","","","","","","","","","","","","","","","","","","","","","","","","",
"Korea, Dem. People’s Rep.","PRK","Proportion of time spent on unpaid domestic and care work, male (% of 24 hour day)","SG.TIM.UWRK.MA","","","","","","","","","","","","","","","","","","","","","","","","","","","","","","","","","","","","","","","","","","","","","","","","","","","","","","","","","","","",
"Portugal","PRT","Proportion of time spent on unpaid domestic and care work, male (% of 24 hour day)","SG.TIM.UWRK.MA","","","","","","","","","","","","","","","","","","","","","","","","","","","","","","","","","","","","","","","","","","","","","","","","","","","","","","","","10.2414028","","","",
"Paraguay","PRY","Proportion of time spent on unpaid domestic and care work, male (% of 24 hour day)","SG.TIM.UWRK.MA","","","","","","","","","","","","","","","","","","","","","","","","","","","","","","","","","","","","","","","","","","","","","","","","","","","","","","","","","4.2704121","","",
"West Bank and Gaza","PSE","Proportion of time spent on unpaid domestic and care work, male (% of 24 hour day)","SG.TIM.UWRK.MA","","","","","","","","","","","","","","","","","","","","","","","","","","","","","","","","","","","","","","","","","3.1944444","","","","","","","","","","","","","2.9861111","","","","","",
"Pacific island small states","PSS","Proportion of time spent on unpaid domestic and care work, male (% of 24 hour day)","SG.TIM.UWRK.MA","","","","","","","","","","","","","","","","","","","","","","","","","","","","","","","","","","","","","","","","","","","","","","","","","","","","","","","","","","","",
"Post-demographic dividend","PST","Proportion of time spent on unpaid domestic and care work, male (% of 24 hour day)","SG.TIM.UWRK.MA","","","","","","","","","","","","","","","","","","","","","","","","","","","","","","","","","","","","","","","","","","","","","","","","","","","","","","","","","","","",
"French Polynesia","PYF","Proportion of time spent on unpaid domestic and care work, male (% of 24 hour day)","SG.TIM.UWRK.MA","","","","","","","","","","","","","","","","","","","","","","","","","","","","","","","","","","","","","","","","","","","","","","","","","","","","","","","","","","","",
"Qatar","QAT","Proportion of time spent on unpaid domestic and care work, male (% of 24 hour day)","SG.TIM.UWRK.MA","","","","","","","","","","","","","","","","","","","","","","","","","","","","","","","","","","","","","","","","","","","","","","","","","","","","","","2.2222222","","","","","",
"Romania","ROU","Proportion of time spent on unpaid domestic and care work, male (% of 24 hour day)","SG.TIM.UWRK.MA","","","","","","","","","","","","","","","","","","","","","","","","","","","","","","","","","","","","","","","","","9.5833333","","","","","","","","","","","","9.375","","","","","","",
"Russian Federation","RUS","Proportion of time spent on unpaid domestic and care work, male (% of 24 hour day)","SG.TIM.UWRK.MA","","","","","","","","","","","","","","","","","","","","","","","","","","","","","","","","","","","","","","","","","","","","","","","","","","","","","","","8.125","","","","",
"Rwanda","RWA","Proportion of time spent on unpaid domestic and care work, male (% of 24 hour day)","SG.TIM.UWRK.MA","","","","","","","","","","","","","","","","","","","","","","","","","","","","","","","","","","","","","","","","","","","","","","","","","","","","","","","","","","","",
"South Asia","SAS","Proportion of time spent on unpaid domestic and care work, male (% of 24 hour day)","SG.TIM.UWRK.MA","","","","","","","","","","","","","","","","","","","","","","","","","","","","","","","","","","","","","","","","","","","","","","","","","","","","","","","","","","","",
"Saudi Arabia","SAU","Proportion of time spent on unpaid domestic and care work, male (% of 24 hour day)","SG.TIM.UWRK.MA","","","","","","","","","","","","","","","","","","","","","","","","","","","","","","","","","","","","","","","","","","","","","","","","","","","","","","","","","","","",
"Sudan","SDN","Proportion of time spent on unpaid domestic and care work, male (% of 24 hour day)","SG.TIM.UWRK.MA","","","","","","","","","","","","","","","","","","","","","","","","","","","","","","","","","","","","","","","","","","","","","","","","","","","","","","","","","","","",
"Senegal","SEN","Proportion of time spent on unpaid domestic and care work, male (% of 24 hour day)","SG.TIM.UWRK.MA","","","","","","","","","","","","","","","","","","","","","","","","","","","","","","","","","","","","","","","","","","","","","","","","","","","","","","","","","","","",
"Singapore","SGP","Proportion of time spent on unpaid domestic and care work, male (% of 24 hour day)","SG.TIM.UWRK.MA","","","","","","","","","","","","","","","","","","","","","","","","","","","","","","","","","","","","","","","","","","","","","","","","","","","","","","","","","","","",
"Solomon Islands","SLB","Proportion of time spent on unpaid domestic and care work, male (% of 24 hour day)","SG.TIM.UWRK.MA","","","","","","","","","","","","","","","","","","","","","","","","","","","","","","","","","","","","","","","","","","","","","","","","","","","","","","","","","","","",
"Sierra Leone","SLE","Proportion of time spent on unpaid domestic and care work, male (% of 24 hour day)","SG.TIM.UWRK.MA","","","","","","","","","","","","","","","","","","","","","","","","","","","","","","","","","","","","","","","","","","","","","","","","","","","","","","","","","","","",
"El Salvador","SLV","Proportion of time spent on unpaid domestic and care work, male (% of 24 hour day)","SG.TIM.UWRK.MA","","","","","","","","","","","","","","","","","","","","","","","","","","","","","","","","","","","","","","","","","","","","","","","","","","","7.8451335","","","","","","","","",
"San Marino","SMR","Proportion of time spent on unpaid domestic and care work, male (% of 24 hour day)","SG.TIM.UWRK.MA","","","","","","","","","","","","","","","","","","","","","","","","","","","","","","","","","","","","","","","","","","","","","","","","","","","","","","","","","","","",
"Somalia","SOM","Proportion of time spent on unpaid domestic and care work, male (% of 24 hour day)","SG.TIM.UWRK.MA","","","","","","","","","","","","","","","","","","","","","","","","","","","","","","","","","","","","","","","","","","","","","","","","","","","","","","","","","","","",
"Serbia","SRB","Proportion of time spent on unpaid domestic and care work, male (% of 24 hour day)","SG.TIM.UWRK.MA","","","","","","","","","","","","","","","","","","","","","","","","","","","","","","","","","","","","","","","","","","","","","","","","","","","","9.4893519","","","","8.6903803","","","",
"Sub-Saharan Africa (excluding high income)","SSA","Proportion of time spent on unpaid domestic and care work, male (% of 24 hour day)","SG.TIM.UWRK.MA","","","","","","","","","","","","","","","","","","","","","","","","","","","","","","","","","","","","","","","","","","","","","","","","","","","","","","","","","","","",
"South Sudan","SSD","Proportion of time spent on unpaid domestic and care work, male (% of 24 hour day)","SG.TIM.UWRK.MA","","","","","","","","","","","","","","","","","","","","","","","","","","","","","","","","","","","","","","","","","","","","","","","","","","","","","","","","","","","",
"Sub-Saharan Africa","SSF","Proportion of time spent on unpaid domestic and care work, male (% of 24 hour day)","SG.TIM.UWRK.MA","","","","","","","","","","","","","","","","","","","","","","","","","","","","","","","","","","","","","","","","","","","","","","","","","","","","","","","","","","","",
"Small states","SST","Proportion of time spent on unpaid domestic and care work, male (% of 24 hour day)","SG.TIM.UWRK.MA","","","","","","","","","","","","","","","","","","","","","","","","","","","","","","","","","","","","","","","","","","","","","","","","","","","","","","","","","","","",
"Sao Tome and Principe","STP","Proportion of time spent on unpaid domestic and care work, male (% of 24 hour day)","SG.TIM.UWRK.MA","","","","","","","","","","","","","","","","","","","","","","","","","","","","","","","","","","","","","","","","","","","","","","","","","","","","","","","","","","","",
"Suriname","SUR","Proportion of time spent on unpaid domestic and care work, male (% of 24 hour day)","SG.TIM.UWRK.MA","","","","","","","","","","","","","","","","","","","","","","","","","","","","","","","","","","","","","","","","","","","","","","","","","","","","","","","","","","","",
"Slovak Republic","SVK","Proportion of time spent on unpaid domestic and care work, male (% of 24 hour day)","SG.TIM.UWRK.MA","","","","","","","","","","","","","","","","","","","","","","","","","","","","","","","","","","","","","","","","","","","","","","","","","","","","","","","","","","","",
"Slovenia","SVN","Proportion of time spent on unpaid domestic and care work, male (% of 24 hour day)","SG.TIM.UWRK.MA","","","","","","","","","","","","","","","","","","","","","","","","","","","","","","","","","","","","","","","","","","11.1111111","","","","","","","","","","","","","","","","","",
"Sweden","SWE","Proportion of time spent on unpaid domestic and care work, male (% of 24 hour day)","SG.TIM.UWRK.MA","","","","","","","","","","","","","","","","","","","","","","","","","","","","","","","","","","","","","","","","","","12.6974423","","","","","","","","","","12.8279713","","","","","","","",
"Eswatini","SWZ","Proportion of time spent on unpaid domestic and care work, male (% of 24 hour day)","SG.TIM.UWRK.MA","","","","","","","","","","","","","","","","","","","","","","","","","","","","","","","","","","","","","","","","","","","","","","","","","","","","","","","","","","","",
"Sint Maarten (Dutch part)","SXM","Proportion of time spent on unpaid domestic and care work, male (% of 24 hour day)","SG.TIM.UWRK.MA","","","","","","","","","","","","","","","","","","","","","","","","","","","","","","","","","","","","","","","","","","","","","","","","","","","","","","","","","","","",
"Seychelles","SYC","Proportion of time spent on unpaid domestic and care work, male (% of 24 hour day)","SG.TIM.UWRK.MA","","","","","","","","","","","","","","","","","","","","","","","","","","","","","","","","","","","","","","","","","","","","","","","","","","","","","","","","","","","",
"Syrian Arab Republic","SYR","Proportion of time spent on unpaid domestic and care work, male (% of 24 hour day)","SG.TIM.UWRK.MA","","","","","","","","","","","","","","","","","","","","","","","","","","","","","","","","","","","","","","","","","","","","","","","","","","","","","","","","","","","",
"Turks and Caicos Islands","TCA","Proportion of time spent on unpaid domestic and care work, male (% of 24 hour day)","SG.TIM.UWRK.MA","","","","","","","","","","","","","","","","","","","","","","","","","","","","","","","","","","","","","","","","","","","","","","","","","","","","","","","","","","","",
"Chad","TCD","Proportion of time spent on unpaid domestic and care work, male (% of 24 hour day)","SG.TIM.UWRK.MA","","","","","","","","","","","","","","","","","","","","","","","","","","","","","","","","","","","","","","","","","","","","","","","","","","","","","","","","","","","",
"East Asia & Pacific (IDA & IBRD countries)","TEA","Proportion of time spent on unpaid domestic and care work, male (% of 24 hour day)","SG.TIM.UWRK.MA","","","","","","","","","","","","","","","","","","","","","","","","","","","","","","","","","","","","","","","","","","","","","","","","","","","","","","","","","","","",
"Europe & Central Asia (IDA & IBRD countries)","TEC","Proportion of time spent on unpaid domestic and care work, male (% of 24 hour day)","SG.TIM.UWRK.MA","","","","","","","","","","","","","","","","","","","","","","","","","","","","","","","","","","","","","","","","","","","","","","","","","","","","","","","","","","","",
"Togo","TGO","Proportion of time spent on unpaid domestic and care work, male (% of 24 hour day)","SG.TIM.UWRK.MA","","","","","","","","","","","","","","","","","","","","","","","","","","","","","","","","","","","","","","","","","","","","","","","","","","","","","","","","","","","",
"Thailand","THA","Proportion of time spent on unpaid domestic and care work, male (% of 24 hour day)","SG.TIM.UWRK.MA","","","","","","","","","","","","","","","","","","","","","","","","","","","","","","","","","","","","","","","","","","","","","","","","","","3.4027778","","","","","","3.75","","","",
"Tajikistan","TJK","Proportion of time spent on unpaid domestic and care work, male (% of 24 hour day)","SG.TIM.UWRK.MA","","","","","","","","","","","","","","","","","","","","","","","","","","","","","","","","","","","","","","","","","","","","","","","","","","","","","","","","","","","",
"Turkmenistan","TKM","Proportion of time spent on unpaid domestic and care work, male (% of 24 hour day)","SG.TIM.UWRK.MA","","","","","","","","","","","","","","","","","","","","","","","","","","","","","","","","","","","","","","","","","","","","","","","","","","","","","","","","","","","",
"Latin America & the Caribbean (IDA & IBRD countries)","TLA","Proportion of time spent on unpaid domestic and care work, male (% of 24 hour day)","SG.TIM.UWRK.MA","","","","","","","","","","","","","","","","","","","","","","","","","","","","","","","","","","","","","","","","","","","","","","","","","","","","","","","","","","","",
"Timor-Leste","TLS","Proportion of time spent on unpaid domestic and care work, male (% of 24 hour day)","SG.TIM.UWRK.MA","","","","","","","","","","","","","","","","","","","","","","","","","","","","","","","","","","","","","","","","","","","","","","","","","","","","","","","","","","","",
"Middle East & North Africa (IDA & IBRD countries)","TMN","Proportion of time spent on unpaid domestic and care work, male (% of 24 hour day)","SG.TIM.UWRK.MA","","","","","","","","","","","","","","","","","","","","","","","","","","","","","","","","","","","","","","","","","","","","","","","","","","","","","","","","","","","",
"Tonga","TON","Proportion of time spent on unpaid domestic and care work, male (% of 24 hour day)","SG.TIM.UWRK.MA","","","","","","","","","","","","","","","","","","","","","","","","","","","","","","","","","","","","","","","","","","","","","","","","","","","","","","","","","","","",
"South Asia (IDA & IBRD)","TSA","Proportion of time spent on unpaid domestic and care work, male (% of 24 hour day)","SG.TIM.UWRK.MA","","","","","","","","","","","","","","","","","","","","","","","","","","","","","","","","","","","","","","","","","","","","","","","","","","","","","","","","","","","",
"Sub-Saharan Africa (IDA & IBRD countries)","TSS","Proportion of time spent on unpaid domestic and care work, male (% of 24 hour day)","SG.TIM.UWRK.MA","","","","","","","","","","","","","","","","","","","","","","","","","","","","","","","","","","","","","","","","","","","","","","","","","","","","","","","","","","","",
"Trinidad and Tobago","TTO","Proportion of time spent on unpaid domestic and care work, male (% of 24 hour day)","SG.TIM.UWRK.MA","","","","","","","","","","","","","","","","","","","","","","","","","","","","","","","","","","","","","","","","","","","","","","","","","","","","","","","","","","","",
"Tunisia","TUN","Proportion of time spent on unpaid domestic and care work, male (% of 24 hour day)","SG.TIM.UWRK.MA","","","","","","","","","","","","","","","","","","","","","","","","","","","","","","","","","","","","","","","","","","","","","","","2.7083333","","","","","","","","","","","","",
"Turkey","TUR","Proportion of time spent on unpaid domestic and care work, male (% of 24 hour day)","SG.TIM.UWRK.MA","","","","","","","","","","","","","","","","","","","","","","","","","","","","","","","","","","","","","","","","","","","","","","","3.5515212","","","","","","","","","3.7057481","","","",
"Tuvalu","TUV","Proportion of time spent on unpaid domestic and care work, male (% of 24 hour day)","SG.TIM.UWRK.MA","","","","","","","","","","","","","","","","","","","","","","","","","","","","","","","","","","","","","","","","","","","","","","","","","","","","","","","","","","","",
"Tanzania","TZA","Proportion of time spent on unpaid domestic and care work, male (% of 24 hour day)","SG.TIM.UWRK.MA","","","","","","","","","","","","","","","","","","","","","","","","","","","","","","","","","","","","","","","","","","","","","","","4.5833333","","","","","","","","4.2361111","","","","",
"Uganda","UGA","Proportion of time spent on unpaid domestic and care work, male (% of 24 hour day)","SG.TIM.UWRK.MA","","","","","","","","","","","","","","","","","","","","","","","","","","","","","","","","","","","","","","","","","","","","","","","","","","","","","","","","","","","",
"Ukraine","UKR","Proportion of time spent on unpaid domestic and care work, male (% of 24 hour day)","SG.TIM.UWRK.MA","","","","","","","","","","","","","","","","","","","","","","","","","","","","","","","","","","","","","","","","","","","","","","","","","","","","","","","","","","","",
"Upper middle income","UMC","Proportion of time spent on unpaid domestic and care work, male (% of 24 hour day)","SG.TIM.UWRK.MA","","","","","","","","","","","","","","","","","","","","","","","","","","","","","","","","","","","","","","","","","","","","","","","","","","","","","","","","","","","",
"Uruguay","URY","Proportion of time spent on unpaid domestic and care work, male (% of 24 hour day)","SG.TIM.UWRK.MA","","","","","","","","","","","","","","","","","","","","","","","","","","","","","","","","","","","","","","","","","","","","","","","","9.7222222","","","","","","8.3773829","","","","","",
"United States","USA","Proportion of time spent on unpaid domestic and care work, male (% of 24 hour day)","SG.TIM.UWRK.MA","","","","","","","","","","","","","","","","","","","","","","","","","","","","","","","","","","","","","","","","","","","","9.875","9.7916667","9.6666667","9.5833333","9.9583333","9.4166667","9.75","9.875","9.6666667","9.3333333","9.7083333","9.7083333","9.75","9.7916667","","",
"Uzbekistan","UZB","Proportion of time spent on unpaid domestic and care work, male (% of 24 hour day)","SG.TIM.UWRK.MA","","","","","","","","","","","","","","","","","","","","","","","","","","","","","","","","","","","","","","","","","","","","","","","","","","","","","","","","","","","",
"St. Vincent and the Grenadines","VCT","Proportion of time spent on unpaid domestic and care work, male (% of 24 hour day)","SG.TIM.UWRK.MA","","","","","","","","","","","","","","","","","","","","","","","","","","","","","","","","","","","","","","","","","","","","","","","","","","","","","","","","","","","",
"Venezuela, RB","VEN","Proportion of time spent on unpaid domestic and care work, male (% of 24 hour day)","SG.TIM.UWRK.MA","","","","","","","","","","","","","","","","","","","","","","","","","","","","","","","","","","","","","","","","","","","","","","","","","","","","","","","","","","","",
"British Virgin Islands","VGB","Proportion of time spent on unpaid domestic and care work, male (% of 24 hour day)","SG.TIM.UWRK.MA","","","","","","","","","","","","","","","","","","","","","","","","","","","","","","","","","","","","","","","","","","","","","","","","","","","","","","","","","","","",
"Virgin Islands (U.S.)","VIR","Proportion of time spent on unpaid domestic and care work, male (% of 24 hour day)","SG.TIM.UWRK.MA","","","","","","","","","","","","","","","","","","","","","","","","","","","","","","","","","","","","","","","","","","","","","","","","","","","","","","","","","","","",
"Vietnam","VNM","Proportion of time spent on unpaid domestic and care work, male (% of 24 hour day)","SG.TIM.UWRK.MA","","","","","","","","","","","","","","","","","","","","","","","","","","","","","","","","","","","","","","","","","","","","","","","","","","","","","","","","","","","",
"Vanuatu","VUT","Proportion of time spent on unpaid domestic and care work, male (% of 24 hour day)","SG.TIM.UWRK.MA","","","","","","","","","","","","","","","","","","","","","","","","","","","","","","","","","","","","","","","","","","","","","","","","","","","","","","","","","","","",
"World","WLD","Proportion of time spent on unpaid domestic and care work, male (% of 24 hour day)","SG.TIM.UWRK.MA","","","","","","","","","","","","","","","","","","","","","","","","","","","","","","","","","","","","","","","","","","","","","","","","","","","","","","","","","","","",
"Samoa","WSM","Proportion of time spent on unpaid domestic and care work, male (% of 24 hour day)","SG.TIM.UWRK.MA","","","","","","","","","","","","","","","","","","","","","","","","","","","","","","","","","","","","","","","","","","","","","","","","","","","","","","","","","","","",
"Kosovo","XKX","Proportion of time spent on unpaid domestic and care work, male (% of 24 hour day)","SG.TIM.UWRK.MA","","","","","","","","","","","","","","","","","","","","","","","","","","","","","","","","","","","","","","","","","","","","","","","","","","","","","","","","","","","",
"Yemen, Rep.","YEM","Proportion of time spent on unpaid domestic and care work, male (% of 24 hour day)","SG.TIM.UWRK.MA","","","","","","","","","","","","","","","","","","","","","","","","","","","","","","","","","","","","","","","","","","","","","","","","","","","","","","","","","","","",
"South Africa","ZAF","Proportion of time spent on unpaid domestic and care work, male (% of 24 hour day)","SG.TIM.UWRK.MA","","","","","","","","","","","","","","","","","","","","","","","","","","","","","","","","","","","","","","","","","5.4166667","","","","","","","","","","6.4583333","","","","","","","","",
"Zambia","ZMB","Proportion of time spent on unpaid domestic and care work, male (% of 24 hour day)","SG.TIM.UWRK.MA","","","","","","","","","","","","","","","","","","","","","","","","","","","","","","","","","","","","","","","","","","","","","","","","","","","","","","","","","","","",
"Zimbabwe","ZWE","Proportion of time spent on unpaid domestic and care work, male (% of 24 hour day)","SG.TIM.UWRK.MA","","","","","","","","","","","","","","","","","","","","","","","","","","","","","","","","","","","","","","","","","","","","","","","","","","","","","","","","","","","",
